<?xml version="1.0" encoding="UTF-8"?>
<project-private xmlns="http://www.netbeans.org/ns/project-private/1">
    <editor-bookmarks xmlns="http://www.netbeans.org/ns/editor-bookmarks/2" lastBookmarkId="0"/>
    <open-files xmlns="http://www.netbeans.org/ns/projectui-open-files/2">
        <group>
            <file>file:/home/mati/Escritorio/storeAp_DinamicResultSet/src/cat/proven/store/controllers/MainController.java</file>
            <file>file:/home/mati/Escritorio/storeAp_DinamicResultSet/src/cat/proven/store/model/Model.java</file>
            <file>file:/home/mati/Escritorio/storeAp_DinamicResultSet/src/cat/proven/store/model/Product.java</file>
            <file>file:/home/mati/Escritorio/storeAp_DinamicResultSet/src/cat/proven/store/model/persist/ProductDao.java</file>
            <file>file:/home/mati/Escritorio/storeAp_DinamicResultSet/src/cat/proven/store/views/MainView.java</file>
        </group>
    </open-files>
</project-private>
